model,subject_id,auc,average_precision,balanced_accuracy,f1,positive_prevalence,n_windows
time_only,EPCTL01,1.0,1.0,0.5,0.0,0.8547008547008547,117
stage_oracle,EPCTL01,0.95,0.9854700854700855,0.95,0.9473684210526315,0.8547008547008547,117
static_eeg,EPCTL01,0.5547058823529412,0.8972858299584869,0.49,0.9116279069767442,0.8547008547008547,117
dynamic_eeg,EPCTL01,0.7629411764705882,0.952681389407056,0.49,0.9116279069767442,0.8547008547008547,117
dynamic_eeg_plus_time,EPCTL01,0.7694117647058824,0.9543260771206574,0.5194117647058824,0.9158878504672897,0.8547008547008547,117
random_forest_dynamic,EPCTL01,0.7970588235294119,0.9585138894391705,0.5438235294117647,0.9150943396226415,0.8547008547008547,117
svm_dynamic,EPCTL01,0.7647058823529412,0.9531707301205904,0.495,0.9166666666666666,0.8547008547008547,117
time_only,EPCTL02,0.8890869565217392,0.7747711809128746,0.5,0.46511627906976744,0.30303030303030304,330
stage_oracle,EPCTL02,0.8804347826086957,0.7828282828282828,0.8782608695652174,0.8421052631578947,0.30303030303030304,330
static_eeg,EPCTL02,0.8390869565217391,0.7689298197232651,0.8,0.7253886010362695,0.30303030303030304,330
dynamic_eeg,EPCTL02,0.8618695652173912,0.7989306390074693,0.8343478260869566,0.7715736040609137,0.30303030303030304,330
dynamic_eeg_plus_time,EPCTL02,0.8656521739130435,0.8041558328456916,0.8365217391304347,0.7755102040816326,0.30303030303030304,330
random_forest_dynamic,EPCTL02,0.8005652173913045,0.7150173913807976,0.72,0.6090534979423868,0.30303030303030304,330
svm_dynamic,EPCTL02,0.8625652173913043,0.7984662098761979,0.8300000000000001,0.7638190954773869,0.30303030303030304,330
time_only,EPCTL03,0.0,0.6457742739580574,0.5,0.9090909090909091,0.8333333333333334,120
stage_oracle,EPCTL03,0.6,0.8666666666666667,0.6,0.3333333333333333,0.8333333333333334,120
static_eeg,EPCTL03,0.7595000000000001,0.9477935570461958,0.605,0.34710743801652894,0.8333333333333334,120
dynamic_eeg,EPCTL03,0.628,0.9121215118099903,0.5700000000000001,0.24561403508771928,0.8333333333333334,120
dynamic_eeg_plus_time,EPCTL03,0.6319999999999999,0.9129863565250949,0.5700000000000001,0.24561403508771928,0.8333333333333334,120
random_forest_dynamic,EPCTL03,0.4435,0.8483308069394344,0.565,0.23008849557522124,0.8333333333333334,120
svm_dynamic,EPCTL03,0.6239999999999999,0.9112962974343735,0.5700000000000001,0.24561403508771928,0.8333333333333334,120
time_only,EPCTL04,0.0,0.028912053775782633,0.24464285714285713,0.0,0.056179775280898875,1780
stage_oracle,EPCTL04,0.7321428571428571,0.2553626149131767,0.7321428571428572,0.47619047619047616,0.056179775280898875,1780
static_eeg,EPCTL04,0.5290535714285715,0.062532422056154,0.48970238095238094,0.093711467324291,0.056179775280898875,1780
dynamic_eeg,EPCTL04,0.5318392857142857,0.06318656952169406,0.5035714285714286,0.1,0.056179775280898875,1780
dynamic_eeg_plus_time,EPCTL04,0.5970357142857143,0.0807890110626048,0.5392261904761905,0.11643835616438356,0.056179775280898875,1780
random_forest_dynamic,EPCTL04,0.595952380952381,0.13693998944203867,0.5973809523809523,0.24,0.056179775280898875,1780
svm_dynamic,EPCTL04,0.5304583333333333,0.06333315209562636,0.49815476190476193,0.09808612440191387,0.056179775280898875,1780
time_only,EPCTL05,1.0,1.0,0.6967509025270758,0.5434782608695652,0.26525198938992045,377
stage_oracle,EPCTL05,0.9675090252707581,0.85,0.963898916967509,0.9090909090909091,0.26525198938992045,377
static_eeg,EPCTL05,0.8681949458483755,0.6813134672476768,0.8387725631768953,0.7336244541484717,0.26525198938992045,377
dynamic_eeg,EPCTL05,0.8892779783393503,0.6746358137727074,0.8483574007220216,0.7404255319148936,0.26525198938992045,377
dynamic_eeg_plus_time,EPCTL05,0.8929963898916967,0.6815769882954424,0.8505776173285198,0.7478260869565218,0.26525198938992045,377
random_forest_dynamic,EPCTL05,0.9378339350180505,0.84064924886038,0.872653429602888,0.794392523364486,0.26525198938992045,377
svm_dynamic,EPCTL05,0.888086642599278,0.6753144160840859,0.8515523465703971,0.7426160337552743,0.26525198938992045,377
time_only,EPCTL06,0.46299999999999997,0.8778217349536359,0.5,0.9090909090909091,0.8333333333333334,120
stage_oracle,EPCTL06,0.5,0.8333333333333334,0.5,0.9090909090909091,0.8333333333333334,120
static_eeg,EPCTL06,0.928,0.9844834077215892,0.8,0.9405940594059405,0.8333333333333334,120
dynamic_eeg,EPCTL06,0.9025000000000001,0.9783780124401665,0.73,0.9320388349514563,0.8333333333333334,120
dynamic_eeg_plus_time,EPCTL06,0.9025000000000001,0.9783671257103211,0.75,0.9313725490196079,0.8333333333333334,120
random_forest_dynamic,EPCTL06,0.6565,0.922257618479825,0.48000000000000004,0.8181818181818182,0.8333333333333334,120
svm_dynamic,EPCTL06,0.897,0.9771159210044074,0.715,0.937799043062201,0.8333333333333334,120
time_only,EPCTL07,0.0,0.4146155128071976,0.5,0.7692307692307693,0.625,160
stage_oracle,EPCTL07,0.55,0.6625,0.55,0.18181818181818182,0.625,160
static_eeg,EPCTL07,0.8495,0.9008762488344128,0.6416666666666666,0.4580152671755725,0.625,160
dynamic_eeg,EPCTL07,0.8515,0.8992009284180142,0.6216666666666666,0.4094488188976378,0.625,160
dynamic_eeg_plus_time,EPCTL07,0.8564999999999999,0.902058087447259,0.6366666666666666,0.4461538461538462,0.625,160
random_forest_dynamic,EPCTL07,0.6306666666666667,0.7746696033540299,0.605,0.34710743801652894,0.625,160
svm_dynamic,EPCTL07,0.8555,0.9008305096560186,0.6366666666666666,0.4461538461538462,0.625,160
time_only,EPCTL09,1.0,1.0,0.823699421965318,0.7662835249042146,0.3663003663003663,273
stage_oracle,EPCTL09,0.9,0.8732600732600733,0.9,0.8888888888888888,0.3663003663003663,273
static_eeg,EPCTL09,0.8987283236994219,0.8869167815327582,0.8587572254335261,0.8223350253807107,0.3663003663003663,273
dynamic_eeg,EPCTL09,0.9068208092485549,0.893352174084573,0.8582080924855491,0.8253968253968254,0.3663003663003663,273
dynamic_eeg_plus_time,EPCTL09,0.9091329479768787,0.8948788815212936,0.8560982658959537,0.8235294117647058,0.3663003663003663,273
random_forest_dynamic,EPCTL09,0.8870520231213873,0.8669190359460146,0.843757225433526,0.8041237113402062,0.3663003663003663,273
svm_dynamic,EPCTL09,0.9056647398843931,0.8925913502421281,0.8582080924855491,0.8253968253968254,0.3663003663003663,273
time_only,EPCTL10,0.955925925925926,0.8818165083801563,0.675,0.5185185185185185,0.2702702702702703,370
stage_oracle,EPCTL10,0.7000000000000001,0.4435810810810811,0.6833333333333333,0.5384615384615384,0.2702702702702703,370
static_eeg,EPCTL10,0.7901481481481484,0.5450717526776948,0.7264814814814815,0.592274678111588,0.2702702702702703,370
dynamic_eeg,EPCTL10,0.8112222222222222,0.5710503822892161,0.7388888888888889,0.6086956521739131,0.2702702702702703,370
dynamic_eeg_plus_time,EPCTL10,0.816037037037037,0.5767067873487648,0.7262962962962963,0.5945945945945946,0.2702702702702703,370
random_forest_dynamic,EPCTL10,0.7997037037037037,0.5339392843027256,0.7253703703703703,0.5892116182572614,0.2702702702702703,370
svm_dynamic,EPCTL10,0.8109999999999998,0.5705211951013706,0.7338888888888888,0.6026200873362445,0.2702702702702703,370
time_only,EPCTL11,0.8613333333333333,0.7520432794048542,0.5,0.0,0.35714285714285715,280
stage_oracle,EPCTL11,0.75,0.6785714285714286,0.75,0.6666666666666666,0.35714285714285715,280
static_eeg,EPCTL11,0.8403333333333334,0.814095478062132,0.7444444444444445,0.68,0.35714285714285715,280
dynamic_eeg,EPCTL11,0.8248888888888888,0.781733220549331,0.7261111111111112,0.6613545816733067,0.35714285714285715,280
dynamic_eeg_plus_time,EPCTL11,0.8298888888888889,0.7889115702844441,0.7527777777777778,0.6866952789699571,0.35714285714285715,280
random_forest_dynamic,EPCTL11,0.8744444444444445,0.843614467364083,0.778888888888889,0.7159090909090909,0.35714285714285715,280
svm_dynamic,EPCTL11,0.8262222222222222,0.7838281762475624,0.7255555555555555,0.6614173228346457,0.35714285714285715,280
time_only,EPCTL12,0.09036434108527132,0.040308890209985224,0.23372093023255813,0.0,0.07194244604316546,1390
stage_oracle,EPCTL12,0.8,0.6287769784172662,0.8,0.75,0.07194244604316546,1390
static_eeg,EPCTL12,0.8164186046511628,0.5345050930320802,0.749108527131783,0.3093220338983051,0.07194244604316546,1390
dynamic_eeg,EPCTL12,0.8039224806201549,0.5357301308244686,0.7553875968992247,0.3317757009345794,0.07194244604316546,1390
dynamic_eeg_plus_time,EPCTL12,0.8123488372093024,0.5565781281071832,0.7623255813953489,0.33962264150943394,0.07194244604316546,1390
random_forest_dynamic,EPCTL12,0.8654573643410854,0.6568160694269762,0.7579069767441861,0.5258215962441315,0.07194244604316546,1390
svm_dynamic,EPCTL12,0.8041627906976745,0.5443098643267598,0.7569767441860464,0.34146341463414637,0.07194244604316546,1390
time_only,EPCTL13,0.1731979695431472,0.06820567599065279,0.25040609137055836,0.07547169811320754,0.11261261261261261,888
stage_oracle,EPCTL13,0.9746192893401014,0.7142857142857143,0.9746192893401016,0.8333333333333334,0.11261261261261261,888
static_eeg,EPCTL13,0.9002284263959393,0.6745795575177566,0.6022335025380711,0.24205378973105135,0.11261261261261261,888
dynamic_eeg,EPCTL13,0.9070050761421319,0.6889695612591845,0.5768527918781726,0.23076923076923078,0.11261261261261261,888
dynamic_eeg_plus_time,EPCTL13,0.9138324873096447,0.7058373107365867,0.5800253807106599,0.2321219226260258,0.11261261261261261,888
random_forest_dynamic,EPCTL13,0.8499619289340101,0.5645181873987852,0.6308629441624365,0.25654450261780104,0.11261261261261261,888
svm_dynamic,EPCTL13,0.9056091370558376,0.6855123618697925,0.5755837563451777,0.2302325581395349,0.11261261261261261,888
time_only,EPCTL14,1.0,1.0,0.925,0.918918918918919,0.7142857142857143,140
stage_oracle,EPCTL14,0.85,0.9142857142857143,0.85,0.8235294117647058,0.7142857142857143,140
static_eeg,EPCTL14,0.8534999999999999,0.9391336111698434,0.6875,0.8715596330275229,0.7142857142857143,140
dynamic_eeg,EPCTL14,0.8604999999999999,0.9419176968233511,0.685,0.8598130841121495,0.7142857142857143,140
dynamic_eeg_plus_time,EPCTL14,0.86125,0.9420449820830619,0.6975,0.863849765258216,0.7142857142857143,140
random_forest_dynamic,EPCTL14,0.8979999999999999,0.9584414847337424,0.7625,0.8585858585858586,0.7142857142857143,140
svm_dynamic,EPCTL14,0.8604999999999999,0.9419098947758774,0.6775,0.8611111111111112,0.7142857142857143,140
time_only,EPCTL15,0.4541860465116279,0.11689133473507404,0.6224806201550388,0.29112081513828236,0.1342281879194631,745
stage_oracle,EPCTL15,0.9813953488372094,0.8153846153846154,0.9767441860465116,0.8695652173913043,0.1342281879194631,745
static_eeg,EPCTL15,0.9564496124031008,0.7582240052507309,0.8605426356589148,0.7222222222222222,0.1342281879194631,745
dynamic_eeg,EPCTL15,0.9591317829457364,0.7696872146465346,0.8904651162790698,0.7257383966244726,0.1342281879194631,745
dynamic_eeg_plus_time,EPCTL15,0.9611627906976743,0.7801663948582168,0.8854651162790698,0.7203389830508474,0.1342281879194631,745
random_forest_dynamic,EPCTL15,0.8668217054263566,0.6789051550016457,0.8206589147286822,0.5923076923076923,0.1342281879194631,745
svm_dynamic,EPCTL15,0.9606976744186047,0.778128620205517,0.8939147286821705,0.725,0.1342281879194631,745
time_only,EPCTL16,0.0,0.5503022437787286,0.5,0.8620689655172413,0.7575757575757576,132
stage_oracle,EPCTL16,0.75,0.8787878787878788,0.75,0.6666666666666666,0.7575757575757576,132
static_eeg,EPCTL16,0.8721875,0.9617513655554729,0.765,0.6928104575163399,0.7575757575757576,132
dynamic_eeg,EPCTL16,0.8743750000000001,0.9622254937387819,0.775,0.7096774193548387,0.7575757575757576,132
dynamic_eeg_plus_time,EPCTL16,0.875,0.9623899868266143,0.78,0.717948717948718,0.7575757575757576,132
random_forest_dynamic,EPCTL16,0.813125,0.9410293071313282,0.735,0.6394557823129252,0.7575757575757576,132
svm_dynamic,EPCTL16,0.8790625,0.9637112386343223,0.78,0.717948717948718,0.7575757575757576,132
time_only,EPCTL17,0.27905405405405403,0.2890130097873188,0.5,0.0,0.4032258064516129,248
stage_oracle,EPCTL17,0.85,0.8209677419354838,0.85,0.8235294117647058,0.4032258064516129,248
static_eeg,EPCTL17,0.868445945945946,0.8767946661666061,0.8190540540540541,0.7839195979899497,0.4032258064516129,248
dynamic_eeg,EPCTL17,0.8579729729729729,0.8561086667659008,0.7987837837837838,0.7609756097560976,0.4032258064516129,248
dynamic_eeg_plus_time,EPCTL17,0.862162162162162,0.8603272181122594,0.8156756756756757,0.78,0.4032258064516129,248
random_forest_dynamic,EPCTL17,0.8264864864864864,0.8589539197373981,0.8313513513513513,0.797752808988764,0.4032258064516129,248
svm_dynamic,EPCTL17,0.8582432432432432,0.8574348336590014,0.7954054054054054,0.7572815533980582,0.4032258064516129,248
time_only,EPCTL18,0.9447704081632653,0.9578778809863051,0.5,0.0,0.550561797752809,178
stage_oracle,EPCTL18,0.7346938775510204,0.7173940737343627,0.7321428571428572,0.7446808510638298,0.550561797752809,178
static_eeg,EPCTL18,0.6965561224489797,0.7455011638348046,0.7059948979591837,0.7319587628865979,0.550561797752809,178
dynamic_eeg,EPCTL18,0.7267857142857144,0.755121794533389,0.6816326530612244,0.6951871657754011,0.550561797752809,178
dynamic_eeg_plus_time,EPCTL18,0.7309948979591836,0.7592834018150086,0.6595663265306122,0.6477272727272727,0.550561797752809,178
random_forest_dynamic,EPCTL18,0.7278061224489796,0.7444742016098085,0.6317602040816326,0.6171428571428571,0.550561797752809,178
svm_dynamic,EPCTL18,0.7307397959183675,0.7580353227721546,0.6793367346938776,0.7015706806282722,0.550561797752809,178
time_only,EPCTL19,1.0,1.0,0.95,0.9009009009009009,0.3125,320
stage_oracle,EPCTL19,0.6727272727272727,0.41805555555555557,0.6727272727272727,0.5714285714285714,0.3125,320
static_eeg,EPCTL19,0.6573181818181817,0.48298884396340747,0.6445454545454545,0.5454545454545454,0.3125,320
dynamic_eeg,EPCTL19,0.6797727272727272,0.47952623303252234,0.6495454545454545,0.5505226480836237,0.3125,320
dynamic_eeg_plus_time,EPCTL19,0.6874545454545453,0.4924115308576791,0.6609090909090909,0.5602836879432624,0.3125,320
random_forest_dynamic,EPCTL19,0.7134090909090909,0.5913089587751237,0.6213636363636363,0.5061224489795918,0.3125,320
svm_dynamic,EPCTL19,0.6777272727272727,0.4767468345639325,0.6545454545454545,0.5555555555555556,0.3125,320
time_only,EPCTL20,0.572857142857143,0.7191176754621615,0.5,0.0,0.5882352941176471,170
stage_oracle,EPCTL20,0.75,0.7941176470588235,0.75,0.6666666666666666,0.5882352941176471,170
static_eeg,EPCTL20,0.9807142857142856,0.9890827923995931,0.9099999999999999,0.9010989010989011,0.5882352941176471,170
dynamic_eeg,EPCTL20,0.9661428571428572,0.980537252219217,0.9057142857142857,0.9032258064516129,0.5882352941176471,170
dynamic_eeg_plus_time,EPCTL20,0.9674285714285714,0.981358339936923,0.905,0.8950276243093923,0.5882352941176471,170
random_forest_dynamic,EPCTL20,0.9347142857142857,0.9698634415494816,0.915,0.907103825136612,0.5882352941176471,170
svm_dynamic,EPCTL20,0.9674285714285714,0.9814415875222815,0.9057142857142857,0.9032258064516129,0.5882352941176471,170
time_only,EPCTL21,1.0,1.0,0.6897727272727272,0.42283298097251587,0.18518518518518517,540
stage_oracle,EPCTL21,0.9897727272727272,0.9181818181818181,0.9886363636363636,0.9523809523809523,0.18518518518518517,540
static_eeg,EPCTL21,0.9667727272727272,0.8866076529652306,0.8770454545454545,0.6643835616438356,0.18518518518518517,540
dynamic_eeg,EPCTL21,0.9736363636363636,0.9164464586733714,0.8872727272727272,0.6855123674911661,0.18518518518518517,540
dynamic_eeg_plus_time,EPCTL21,0.9746590909090909,0.9195744726407921,0.8829545454545454,0.6884057971014492,0.18518518518518517,540
random_forest_dynamic,EPCTL21,0.9752045454545455,0.9138426113262955,0.9072727272727272,0.8349514563106796,0.18518518518518517,540
svm_dynamic,EPCTL21,0.9741136363636365,0.9168009644323311,0.8911363636363636,0.6877192982456141,0.18518518518518517,540
time_only,EPCTL22,1.0,1.0,0.855,0.8304093567251462,0.4166666666666667,240
stage_oracle,EPCTL22,0.75,0.7083333333333334,0.75,0.6666666666666666,0.4166666666666667,240
static_eeg,EPCTL22,0.8579285714285714,0.8120704984169329,0.7921428571428571,0.7586206896551724,0.4166666666666667,240
dynamic_eeg,EPCTL22,0.8887857142857143,0.8580016900462588,0.8142857142857143,0.7870370370370371,0.4166666666666667,240
dynamic_eeg_plus_time,EPCTL22,0.8915714285714286,0.8612822067071237,0.8092857142857144,0.7783251231527094,0.4166666666666667,240
random_forest_dynamic,EPCTL22,0.8402142857142857,0.7331503405197637,0.7471428571428571,0.6823529411764706,0.4166666666666667,240
svm_dynamic,EPCTL22,0.8915714285714286,0.8608014228104424,0.8107142857142857,0.783410138248848,0.4166666666666667,240
time_only,EPCTL23,0.8891479820627803,0.4623427843748803,0.5,0.0,0.18315018315018314,546
stage_oracle,EPCTL23,0.948878923766816,0.9183150183150184,0.9387892376681615,0.9,0.18315018315018314,546
static_eeg,EPCTL23,0.9665470852017937,0.9071986556694965,0.6188340807174888,0.37037037037037035,0.18315018315018314,546
dynamic_eeg,EPCTL23,0.9532511210762331,0.7870849875850048,0.6322869955156951,0.3787878787878788,0.18315018315018314,546
dynamic_eeg_plus_time,EPCTL23,0.9552242152466367,0.7981236777539695,0.5885650224215246,0.3527336860670194,0.18315018315018314,546
random_forest_dynamic,EPCTL23,0.9774663677130045,0.9531688531500507,0.7781165919282511,0.5064599483204134,0.18315018315018314,546
svm_dynamic,EPCTL23,0.9510986547085201,0.7928900764240928,0.6289237668161435,0.3766478342749529,0.18315018315018314,546
time_only,EPCTL24,1.0,1.0,0.69,0.5507246376811594,0.3448275862068966,290
stage_oracle,EPCTL24,0.668421052631579,0.46520376175548583,0.6684210526315789,0.5714285714285714,0.3448275862068966,290
static_eeg,EPCTL24,0.6568947368421053,0.4795525523444106,0.5828947368421052,0.5523255813953488,0.3448275862068966,290
dynamic_eeg,EPCTL24,0.685,0.4843441650861369,0.6147368421052631,0.5714285714285714,0.3448275862068966,290
dynamic_eeg_plus_time,EPCTL24,0.6901578947368421,0.4867832060309511,0.618421052631579,0.569620253164557,0.3448275862068966,290
random_forest_dynamic,EPCTL24,0.6931578947368421,0.47504151192805466,0.6371052631578947,0.5564516129032258,0.3448275862068966,290
svm_dynamic,EPCTL24,0.6835263157894738,0.4802562447345149,0.6252631578947369,0.5784615384615385,0.3448275862068966,290
time_only,EPCTL25,0.7703603603603603,0.471727930328115,0.5,0.0,0.3105590062111801,322
stage_oracle,EPCTL25,0.6599099099099099,0.4330572808833678,0.6599099099099099,0.5263157894736842,0.3105590062111801,322
static_eeg,EPCTL25,0.6872972972972972,0.49487204444761185,0.6222522522522522,0.5211267605633803,0.3105590062111801,322
dynamic_eeg,EPCTL25,0.700990990990991,0.4152177390360385,0.7117567567567568,0.6086956521739131,0.3105590062111801,322
dynamic_eeg_plus_time,EPCTL25,0.7055855855855856,0.41931459239625074,0.710990990990991,0.6084142394822006,0.3105590062111801,322
random_forest_dynamic,EPCTL25,0.8207657657657657,0.5656861003950806,0.7825675675675676,0.6788321167883211,0.3105590062111801,322
svm_dynamic,EPCTL25,0.7009009009009008,0.41803293619153364,0.7067567567567568,0.6040268456375839,0.3105590062111801,322
time_only,EPCTL26,0.7029177718832891,0.12953367875647667,0.5632183908045977,0.16835016835016836,0.08123476848090982,1231
stage_oracle,EPCTL26,0.7920424403183024,0.5074939073923639,0.791158267020336,0.6666666666666666,0.08123476848090982,1231
static_eeg,EPCTL26,0.6575243147656942,0.42559029576233715,0.6728647214854111,0.37168141592920356,0.08123476848090982,1231
dynamic_eeg,EPCTL26,0.653342175066313,0.3655034584901502,0.6536118479221927,0.3557692307692308,0.08123476848090982,1231
dynamic_eeg_plus_time,EPCTL26,0.681971706454465,0.39018173776691634,0.6631078691423519,0.3157894736842105,0.08123476848090982,1231
random_forest_dynamic,EPCTL26,0.7338815207780726,0.48672358523887127,0.7024535809018567,0.45918367346938777,0.08123476848090982,1231
svm_dynamic,EPCTL26,0.6519451812555261,0.36393623457923346,0.6522855879752432,0.35071090047393366,0.08123476848090982,1231
time_only,EPCTL27,0.5280395136778115,0.12961751516252465,0.6398176291793313,0.29673590504451036,0.13192612137203166,758
stage_oracle,EPCTL27,0.7924012158054712,0.5670561628345269,0.7924012158054712,0.7058823529411765,0.13192612137203166,758
static_eeg,EPCTL27,0.6717629179331307,0.3063367341808824,0.639741641337386,0.3303303303303303,0.13192612137203166,758
dynamic_eeg,EPCTL27,0.6711094224924011,0.2654992390410163,0.6282218844984803,0.3183183183183183,0.13192612137203166,758
dynamic_eeg_plus_time,EPCTL27,0.6831003039513679,0.2753531806250391,0.6346200607902736,0.3280757097791798,0.13192612137203166,758
random_forest_dynamic,EPCTL27,0.7497112462006078,0.3316515176059842,0.629209726443769,0.3486238532110092,0.13192612137203166,758
svm_dynamic,EPCTL27,0.668951367781155,0.26149188254822747,0.6282218844984803,0.3183183183183183,0.13192612137203166,758
time_only,EPCTL28,1.0,1.0,0.5,0.0,0.5,200
stage_oracle,EPCTL28,0.95,0.95,0.95,0.9473684210526315,0.5,200
static_eeg,EPCTL28,0.9236,0.9065955441453221,0.835,0.8571428571428571,0.5,200
dynamic_eeg,EPCTL28,0.9404999999999999,0.9264440123392547,0.845,0.8634361233480177,0.5,200
dynamic_eeg_plus_time,EPCTL28,0.9400999999999999,0.9260698868294492,0.835,0.8583690987124464,0.5,200
random_forest_dynamic,EPCTL28,0.9856,0.9876901315530727,0.94,0.9375,0.5,200
svm_dynamic,EPCTL28,0.9411999999999999,0.9272327580720368,0.85,0.868421052631579,0.5,200
time_only,EPCTL29,0.9337142857142857,0.9127901228353016,0.5,0.0,0.4166666666666667,240
stage_oracle,EPCTL29,0.742857142857143,0.6666666666666667,0.7285714285714285,0.6666666666666666,0.4166666666666667,240
static_eeg,EPCTL29,0.8860714285714286,0.8461076382928632,0.6285714285714286,0.6578947368421053,0.4166666666666667,240
dynamic_eeg,EPCTL29,0.9174285714285714,0.882003935687899,0.6607142857142857,0.6779661016949152,0.4166666666666667,240
dynamic_eeg_plus_time,EPCTL29,0.9173571428571429,0.8813415668419817,0.675,0.6872852233676976,0.4166666666666667,240
random_forest_dynamic,EPCTL29,0.9527142857142856,0.9434410592787179,0.8828571428571428,0.8627450980392157,0.4166666666666667,240
svm_dynamic,EPCTL29,0.9160714285714285,0.8777482100273878,0.6571428571428571,0.6756756756756757,0.4166666666666667,240
