model,subject_id,auc,balanced_accuracy,sensitivity,specificity,f1,n_windows
logistic_regression,EPCTL01,0.8070588235294117,0.5488235294117647,0.98,0.11764705882352941,0.92018779342723,117
random_forest,EPCTL01,0.8476470588235294,0.5388235294117647,0.96,0.11764705882352941,0.909952606635071,117
svm,EPCTL01,0.8076470588235294,0.5488235294117647,0.98,0.11764705882352941,0.92018779342723,117
logistic_regression,EPCTL02,0.8705217391304347,0.8073913043478261,0.68,0.9347826086956522,0.7431693989071039,330
random_forest,EPCTL02,0.8055217391304347,0.7189130434782609,0.69,0.7478260869565218,0.6079295154185022,330
svm,EPCTL02,0.8711304347826088,0.8102173913043478,0.69,0.9304347826086956,0.745945945945946,330
logistic_regression,EPCTL03,0.596,0.565,0.13,1.0,0.23008849557522124,120
random_forest,EPCTL03,0.507,0.565,0.13,1.0,0.23008849557522124,120
svm,EPCTL03,0.5964999999999999,0.565,0.13,1.0,0.23008849557522124,120
logistic_regression,EPCTL04,0.5853198653198654,0.543989898989899,0.29,0.797979797979798,0.30687830687830686,397
random_forest,EPCTL04,0.6119528619528619,0.5948989898989899,0.21,0.9797979797979798,0.33070866141732286,397
svm,EPCTL04,0.5854208754208754,0.5523063973063973,0.31,0.7946127946127947,0.3229166666666667,397
logistic_regression,EPCTL05,0.8833574007220216,0.8323826714801443,0.82,0.8447653429602888,0.7288888888888889,377
random_forest,EPCTL05,0.9397472924187724,0.8658483754512636,0.84,0.8916967509025271,0.7850467289719626,377
svm,EPCTL05,0.8809747292418773,0.8459927797833935,0.84,0.851985559566787,0.7466666666666667,377
logistic_regression,EPCTL06,0.8939999999999999,0.765,0.93,0.6,0.9253731343283582,120
random_forest,EPCTL06,0.6765000000000001,0.495,0.79,0.2,0.8102564102564103,120
svm,EPCTL06,0.884,0.74,0.93,0.55,0.9207920792079208,120
logistic_regression,EPCTL07,0.7986666666666667,0.565,0.13,1.0,0.23008849557522124,160
random_forest,EPCTL07,0.5301666666666667,0.58,0.16,1.0,0.27586206896551724,160
svm,EPCTL07,0.803,0.565,0.13,1.0,0.23008849557522124,160
logistic_regression,EPCTL09,0.9021965317919074,0.8382080924855491,0.74,0.9364161849710982,0.8,273
random_forest,EPCTL09,0.8786705202312137,0.8082947976878613,0.79,0.8265895953757225,0.7559808612440191,273
svm,EPCTL09,0.9004624277456647,0.8332080924855492,0.73,0.9364161849710982,0.7934782608695652,273
logistic_regression,EPCTL10,0.8008148148148149,0.7407407407407407,0.7,0.7814814814814814,0.611353711790393,370
random_forest,EPCTL10,0.7847407407407407,0.7185185185185186,0.7,0.737037037037037,0.5809128630705395,370
svm,EPCTL10,0.8016666666666666,0.7457407407407407,0.71,0.7814814814814814,0.6173913043478261,370
logistic_regression,EPCTL11,0.8065,0.7205555555555556,0.83,0.6111111111111112,0.6561264822134387,280
random_forest,EPCTL11,0.8506111111111111,0.778888888888889,0.68,0.8777777777777778,0.7157894736842105,280
svm,EPCTL11,0.8081666666666667,0.7177777777777777,0.83,0.6055555555555555,0.6535433070866141,280
logistic_regression,EPCTL12,0.8331313131313132,0.8080134680134681,0.68,0.936026936026936,0.7272727272727273,397
random_forest,EPCTL12,0.8786195286195286,0.75489898989899,0.53,0.9797979797979798,0.6666666666666666,397
svm,EPCTL12,0.8329292929292929,0.8080134680134681,0.68,0.936026936026936,0.7272727272727273,397
logistic_regression,EPCTL13,0.8654882154882154,0.5724915824915825,0.98,0.16498316498316498,0.43946188340807174,397
random_forest,EPCTL13,0.7999326599326599,0.6045286195286195,0.97,0.23905723905723905,0.458628841607565,397
svm,EPCTL13,0.8639393939393938,0.5758585858585858,0.98,0.1717171717171717,0.44144144144144143,397
logistic_regression,EPCTL14,0.86675,0.7050000000000001,0.91,0.5,0.8625592417061612,140
random_forest,EPCTL14,0.8755000000000001,0.78,0.86,0.7,0.8686868686868687,140
svm,EPCTL14,0.8662499999999999,0.7050000000000001,0.91,0.5,0.8625592417061612,140
logistic_regression,EPCTL15,0.9336363636363636,0.8743434343434344,0.88,0.8686868686868687,0.775330396475771,397
random_forest,EPCTL15,0.8544107744107744,0.7755218855218855,0.78,0.7710437710437711,0.6341463414634146,397
svm,EPCTL15,0.9334680134680136,0.8743434343434344,0.88,0.8686868686868687,0.775330396475771,397
logistic_regression,EPCTL16,0.8671874999999999,0.74375,0.55,0.9375,0.7006369426751592,132
random_forest,EPCTL16,0.7578125,0.745,0.49,1.0,0.6577181208053692,132
svm,EPCTL16,0.8675,0.74375,0.55,0.9375,0.7006369426751592,132
logistic_regression,EPCTL17,0.8511486486486487,0.808918918918919,0.78,0.8378378378378378,0.7722772277227723,248
random_forest,EPCTL17,0.835472972972973,0.8244594594594594,0.73,0.918918918918919,0.7891891891891892,248
svm,EPCTL17,0.8518243243243243,0.808918918918919,0.78,0.8378378378378378,0.7722772277227723,248
logistic_regression,EPCTL18,0.7210459183673469,0.6510204081632653,0.6020408163265306,0.7,0.6519337016574586,178
random_forest,EPCTL18,0.7354591836734694,0.6737244897959184,0.6224489795918368,0.725,0.6740331491712708,178
svm,EPCTL18,0.725,0.6714285714285715,0.6428571428571429,0.7,0.6810810810810811,178
logistic_regression,EPCTL19,0.6819090909090909,0.6609090909090909,0.74,0.5818181818181818,0.556390977443609,320
random_forest,EPCTL19,0.7131818181818183,0.6063636363636363,0.59,0.6227272727272727,0.48760330578512395,320
svm,EPCTL19,0.6802727272727273,0.6563636363636364,0.74,0.5727272727272728,0.5522388059701493,320
logistic_regression,EPCTL20,0.9595714285714285,0.8985714285714286,0.84,0.9571428571428572,0.8983957219251337,170
random_forest,EPCTL20,0.9332857142857143,0.8928571428571429,0.8,0.9857142857142858,0.8839779005524862,170
svm,EPCTL20,0.9614285714285715,0.9057142857142857,0.84,0.9714285714285714,0.9032258064516129,170
logistic_regression,EPCTL21,0.9644444444444444,0.8554208754208754,0.96,0.7508417508417509,0.7111111111111111,397
random_forest,EPCTL21,0.9627609427609427,0.8730639730639731,0.8,0.9461279461279462,0.8163265306122449,397
svm,EPCTL21,0.9659595959595959,0.8554208754208754,0.96,0.7508417508417509,0.7111111111111111,397
logistic_regression,EPCTL22,0.8867142857142857,0.8021428571428572,0.74,0.8642857142857143,0.7668393782383419,240
random_forest,EPCTL22,0.8365714285714286,0.7507142857142857,0.58,0.9214285714285714,0.6863905325443787,240
svm,EPCTL22,0.8889999999999999,0.7985714285714285,0.74,0.8571428571428571,0.7628865979381443,240
logistic_regression,EPCTL23,0.9835353535353536,0.6784511784511784,1.0,0.3569023569023569,0.5115089514066496,397
random_forest,EPCTL23,0.9671380471380472,0.755993265993266,0.98,0.531986531986532,0.5816023738872403,397
svm,EPCTL23,0.9826936026936027,0.6767676767676768,1.0,0.35353535353535354,0.5102040816326531,397
logistic_regression,EPCTL24,0.6767894736842106,0.608421052631579,0.88,0.3368421052631579,0.5605095541401274,290
random_forest,EPCTL24,0.6884210526315789,0.6226315789473684,0.64,0.6052631578947368,0.5355648535564853,290
svm,EPCTL24,0.6768421052631579,0.6213157894736843,0.89,0.3526315789473684,0.5705128205128205,290
logistic_regression,EPCTL25,0.7113063063063063,0.7282432432432433,0.97,0.4864864864864865,0.6237942122186495,322
random_forest,EPCTL25,0.8047297297297298,0.769054054054054,0.93,0.6081081081081081,0.6642857142857143,322
svm,EPCTL25,0.710945945945946,0.720990990990991,0.96,0.481981981981982,0.617363344051447,322
logistic_regression,EPCTL26,0.6491666666666668,0.6359027777777778,0.31,0.9618055555555556,0.43661971830985913,388
random_forest,EPCTL26,0.6574652777777777,0.6335416666666667,0.34,0.9270833333333334,0.43870967741935485,388
svm,EPCTL26,0.643611111111111,0.6341666666666667,0.31,0.9583333333333334,0.43356643356643354,388
logistic_regression,EPCTL27,0.5758585858585858,0.540993265993266,0.55,0.531986531986532,0.3741496598639456,397
random_forest,EPCTL27,0.5956902356902356,0.5563973063973064,0.5,0.6127946127946128,0.37735849056603776,397
svm,EPCTL27,0.5733670033670033,0.5376767676767678,0.54,0.5353535353535354,0.3698630136986301,397
logistic_regression,EPCTL28,0.9524999999999999,0.85,1.0,0.7,0.8695652173913043,200
random_forest,EPCTL28,0.9848000000000001,0.9450000000000001,0.92,0.97,0.9435897435897436,200
svm,EPCTL28,0.9514,0.85,1.0,0.7,0.8695652173913043,200
logistic_regression,EPCTL29,0.9462857142857142,0.7628571428571429,0.99,0.5357142857142857,0.75,240
random_forest,EPCTL29,0.9613571428571428,0.9107142857142857,0.9,0.9214285714285714,0.8955223880597015,240
svm,EPCTL29,0.9452142857142858,0.7592857142857143,0.99,0.5285714285714286,0.7471698113207547,240
