model,subject_id,first_sustained_alert_lead_min,alert_detected,alert_within_target_5m
logistic_regression,EPCTL01,5.75,True,False
logistic_regression,EPCTL02,3.3,True,True
logistic_regression,EPCTL03,,False,False
logistic_regression,EPCTL04,0.7,True,True
logistic_regression,EPCTL05,5.1,True,False
logistic_regression,EPCTL06,5.0,True,True
logistic_regression,EPCTL07,,False,False
logistic_regression,EPCTL09,3.2,True,True
logistic_regression,EPCTL10,6.8,True,False
logistic_regression,EPCTL11,4.45,True,True
logistic_regression,EPCTL12,3.4,True,True
logistic_regression,EPCTL13,19.8,True,False
logistic_regression,EPCTL14,6.3,True,False
logistic_regression,EPCTL15,4.7,True,True
logistic_regression,EPCTL16,1.95,True,True
logistic_regression,EPCTL17,3.9,True,True
logistic_regression,EPCTL18,1.65,True,True
logistic_regression,EPCTL19,10.65,True,False
logistic_regression,EPCTL20,3.95,True,True
logistic_regression,EPCTL21,7.2,True,False
logistic_regression,EPCTL22,3.75,True,True
logistic_regression,EPCTL23,15.9,True,False
logistic_regression,EPCTL24,10.4,True,False
logistic_regression,EPCTL25,10.5,True,False
logistic_regression,EPCTL26,1.25,True,True
logistic_regression,EPCTL27,12.85,True,False
logistic_regression,EPCTL28,6.1,True,False
logistic_regression,EPCTL29,6.3,True,False
random_forest,EPCTL01,5.85,True,False
random_forest,EPCTL02,3.3,True,True
random_forest,EPCTL03,,False,False
random_forest,EPCTL04,0.5,True,True
random_forest,EPCTL05,3.4,True,True
random_forest,EPCTL06,6.0,True,False
random_forest,EPCTL07,0.7,True,True
random_forest,EPCTL09,3.9,True,True
random_forest,EPCTL10,7.65,True,False
random_forest,EPCTL11,2.2,True,True
random_forest,EPCTL12,2.05,True,True
random_forest,EPCTL13,18.5,True,False
random_forest,EPCTL14,4.65,True,True
random_forest,EPCTL15,7.55,True,False
random_forest,EPCTL16,1.95,True,True
random_forest,EPCTL17,3.9,True,True
random_forest,EPCTL18,2.05,True,True
random_forest,EPCTL19,,False,False
random_forest,EPCTL20,4.2,True,True
random_forest,EPCTL21,3.35,True,True
random_forest,EPCTL22,0.9,True,True
random_forest,EPCTL23,14.35,True,False
random_forest,EPCTL24,7.8,True,False
random_forest,EPCTL25,10.2,True,False
random_forest,EPCTL26,1.25,True,True
random_forest,EPCTL27,11.8,True,False
random_forest,EPCTL28,4.4,True,True
random_forest,EPCTL29,5.1,True,False
svm,EPCTL01,5.75,True,False
svm,EPCTL02,3.3,True,True
svm,EPCTL03,,False,False
svm,EPCTL04,0.7,True,True
svm,EPCTL05,5.1,True,False
svm,EPCTL06,5.0,True,True
svm,EPCTL07,,False,False
svm,EPCTL09,3.2,True,True
svm,EPCTL10,6.8,True,False
svm,EPCTL11,4.45,True,True
svm,EPCTL12,3.4,True,True
svm,EPCTL13,19.75,True,False
svm,EPCTL14,6.3,True,False
svm,EPCTL15,4.7,True,True
svm,EPCTL16,1.95,True,True
svm,EPCTL17,3.9,True,True
svm,EPCTL18,2.3,True,True
svm,EPCTL19,10.65,True,False
svm,EPCTL20,3.95,True,True
svm,EPCTL21,7.2,True,False
svm,EPCTL22,6.05,True,False
svm,EPCTL23,16.55,True,False
svm,EPCTL24,10.4,True,False
svm,EPCTL25,10.5,True,False
svm,EPCTL26,1.25,True,True
svm,EPCTL27,12.85,True,False
svm,EPCTL28,6.1,True,False
svm,EPCTL29,6.3,True,False
