subject_id,total_windows,clean_windows,mean_signal_quality,clean_window_percent
EPCTL01,319,319,1.0,100.0
EPCTL02,599,530,0.8848080133555927,88.48080133555926
EPCTL03,599,320,0.5340150250417363,53.42237061769616
EPCTL04,599,599,0.9968697829716193,100.0
EPCTL05,599,577,0.9478297161936561,96.32721202003339
EPCTL06,599,320,0.5331803005008348,53.42237061769616
EPCTL07,599,360,0.5999582637729549,60.10016694490818
EPCTL09,599,473,0.7885016694490818,78.96494156928213
EPCTL10,599,570,0.9513772954924875,95.15859766277129
EPCTL11,539,480,0.8868274582560297,89.05380333951763
EPCTL12,599,599,0.9998956594323873,100.0
EPCTL13,599,599,0.9972871452420701,100.0
EPCTL14,599,340,0.5674040066777963,56.76126878130217
EPCTL15,599,599,0.9996869782971619,100.0
EPCTL16,599,332,0.5507095158597662,55.425709515859765
EPCTL17,459,448,0.9764433551198257,97.60348583877996
EPCTL18,469,378,0.8021055437100213,80.59701492537313
EPCTL19,599,520,0.8668614357262103,86.81135225375625
EPCTL20,379,370,0.9762532981530343,97.62532981530343
EPCTL21,599,599,0.9979131886477463,100.0
EPCTL22,599,440,0.7324707846410684,73.45575959933223
EPCTL23,599,599,0.9995826377295493,100.0
EPCTL24,599,490,0.8180300500834724,81.80300500834724
EPCTL25,599,522,0.8700959933222037,87.14524207011686
EPCTL26,599,590,0.9630634390651085,98.49749582637729
EPCTL27,599,599,0.9969741235392321,100.0
EPCTL28,599,400,0.6670492487479132,66.7779632721202
EPCTL29,519,440,0.8474229287090559,84.77842003853564
