model,subject_id,balanced_accuracy,macro_f1,cohen_kappa,recall_W,recall_N1,recall_N2,n_epochs
logistic_static,EPCTL01,0.47771836007130125,0.4444444444444444,0.31182795698924726,0.0,0.7058823529411765,0.7272727272727273,32
logistic_dynamic,EPCTL01,0.4385026737967914,0.4012066365007542,0.21403508771929824,0.0,0.5882352941176471,0.7272727272727273,32
random_forest_dynamic,EPCTL01,0.37076648841354726,0.30654761904761907,0.04950495049504955,0.0,0.29411764705882354,0.8181818181818182,32
svm_dynamic,EPCTL01,0.45989304812834225,0.39999999999999997,0.24579124579124578,0.0,0.47058823529411764,0.9090909090909091,32
logistic_static,EPCTL02,0.9111111111111111,0.9111111111111111,0.876953125,0.9583333333333334,0.875,0.9,42
logistic_dynamic,EPCTL02,0.8833333333333333,0.8931972789115646,0.875,1.0,0.75,0.9,42
random_forest_dynamic,EPCTL02,0.8694444444444445,0.8891228070175439,0.8309859154929577,0.9583333333333334,0.75,0.9,42
svm_dynamic,EPCTL02,0.9111111111111111,0.9111111111111111,0.876953125,0.9583333333333334,0.875,0.9,42
logistic_static,EPCTL03,0.9074074074074074,0.8180314309346568,0.7553516819571866,1.0,1.0,0.7222222222222222,32
logistic_dynamic,EPCTL03,0.8240740740740741,0.7708333333333334,0.7,1.0,0.75,0.7222222222222222,32
random_forest_dynamic,EPCTL03,0.8611111111111112,0.8204906204906205,0.7935483870967742,1.0,0.75,0.8333333333333334,32
svm_dynamic,EPCTL03,0.8240740740740741,0.7636968766001023,0.7037037037037037,1.0,0.75,0.7222222222222222,32
logistic_static,EPCTL04,0.5641025641025641,0.5404040404040403,0.6366083445491251,1.0,0.6923076923076923,0.0,60
logistic_dynamic,EPCTL04,0.5641025641025641,0.5404040404040403,0.6366083445491251,1.0,0.6923076923076923,0.0,60
random_forest_dynamic,EPCTL04,0.5384615384615384,0.5197349467012389,0.5881949210706932,1.0,0.6153846153846154,0.0,60
svm_dynamic,EPCTL04,0.5384615384615384,0.5197349467012389,0.5881949210706932,1.0,0.6153846153846154,0.0,60
logistic_static,EPCTL05,0.8616892911010559,0.8696769671125649,0.8159722222222222,0.9615384615384616,0.8235294117647058,0.8,53
logistic_dynamic,EPCTL05,0.8616892911010559,0.8696769671125649,0.8159722222222222,0.9615384615384616,0.8235294117647058,0.8,53
random_forest_dynamic,EPCTL05,0.8028657616892912,0.7934487910142201,0.7272727272727273,0.9615384615384616,0.6470588235294118,0.8,53
svm_dynamic,EPCTL05,0.8224736048265461,0.8253086419753087,0.7543453070683661,0.9615384615384616,0.7058823529411765,0.8,53
logistic_static,EPCTL06,0.9248366013071895,0.8702472293265133,0.8258426966292135,1.0,0.8333333333333334,0.9411764705882353,31
logistic_dynamic,EPCTL06,0.9526143790849674,0.9526143790849672,0.8816793893129771,1.0,0.9166666666666666,0.9411764705882353,31
random_forest_dynamic,EPCTL06,0.8415032679738562,0.7047138047138047,0.6787564766839378,1.0,0.5833333333333334,0.9411764705882353,31
svm_dynamic,EPCTL06,0.9526143790849674,0.9526143790849672,0.8816793893129771,1.0,0.9166666666666666,0.9411764705882353,31
logistic_static,EPCTL07,0.697076023391813,0.4762402348609245,0.38244197780020195,0.9333333333333333,1.0,0.15789473684210525,36
logistic_dynamic,EPCTL07,0.7321637426900584,0.5309034079451502,0.4357366771159875,0.9333333333333333,1.0,0.2631578947368421,36
random_forest_dynamic,EPCTL07,0.8245614035087719,0.6394304620111072,0.5828505214368482,1.0,1.0,0.47368421052631576,36
svm_dynamic,EPCTL07,0.7274853801169591,0.5329246487867177,0.4255319148936171,0.8666666666666667,1.0,0.3157894736842105,36
logistic_static,EPCTL09,0.8888888888888888,0.8424242424242424,0.7979041916167665,1.0,1.0,0.6666666666666666,45
logistic_dynamic,EPCTL09,0.8842592592592592,0.8617756512493355,0.8277182235834609,1.0,0.875,0.7777777777777778,45
random_forest_dynamic,EPCTL09,0.8981481481481483,0.9063063063063064,0.8933649289099526,1.0,0.75,0.9444444444444444,45
svm_dynamic,EPCTL09,0.9583333333333334,0.9687687687687688,0.9644549763033176,1.0,0.875,1.0,45
logistic_static,EPCTL10,0.8888888888888888,0.8884748102139405,0.8271975957926371,1.0,0.6666666666666666,1.0,46
logistic_dynamic,EPCTL10,0.8555555555555555,0.8607580824972129,0.7918552036199095,1.0,0.6666666666666666,0.9,46
random_forest_dynamic,EPCTL10,0.8333333333333334,0.8238383838383839,0.760059612518629,1.0,0.6,0.9,46
svm_dynamic,EPCTL10,0.8666666666666667,0.8653326578858493,0.7916981132075471,1.0,0.6,1.0,46
logistic_static,EPCTL11,0.903030303030303,0.8571428571428571,0.8357570573139436,0.9090909090909091,0.8,1.0,48
logistic_dynamic,EPCTL11,0.8161616161616162,0.7707722385141741,0.7181208053691275,0.8484848484848485,0.6,1.0,48
random_forest_dynamic,EPCTL11,0.8262626262626264,0.7835012112711972,0.7573715248525695,0.8787878787878788,0.6,1.0,48
svm_dynamic,EPCTL11,0.8565656565656566,0.8762626262626263,0.8666666666666667,0.9696969696969697,0.6,1.0,48
logistic_static,EPCTL12,0.8888888888888888,0.9166666666666666,0.9379600420609884,1.0,0.6666666666666666,1.0,59
logistic_dynamic,EPCTL12,0.9444444444444445,0.9611499611499612,0.9691906005221932,1.0,0.8333333333333334,1.0,59
random_forest_dynamic,EPCTL12,0.7777777777777777,0.8041121715564982,0.8731864588930682,1.0,0.3333333333333333,1.0,59
svm_dynamic,EPCTL12,0.8333333333333334,0.8673913043478261,0.9055496264674493,1.0,0.5,1.0,59
logistic_static,EPCTL13,0.6483516483516484,0.5765151515151515,0.41806020066889626,0.23076923076923078,0.7142857142857143,1.0,58
logistic_dynamic,EPCTL13,0.6483516483516484,0.5765151515151515,0.41806020066889626,0.23076923076923078,0.7142857142857143,1.0,58
random_forest_dynamic,EPCTL13,0.6739926739926739,0.615592903828198,0.4611486486486487,0.3076923076923077,0.7142857142857143,1.0,58
svm_dynamic,EPCTL13,0.6611721611721612,0.5964529011040639,0.4394957983193277,0.2692307692307692,0.7142857142857143,1.0,58
logistic_static,EPCTL14,0.671957671957672,0.6777777777777777,0.5555555555555556,0.5714285714285714,0.4444444444444444,1.0,29
logistic_dynamic,EPCTL14,0.671957671957672,0.6886608015640273,0.5503875968992248,0.5714285714285714,0.4444444444444444,1.0,29
random_forest_dynamic,EPCTL14,0.7794057794057795,0.7830769230769231,0.6801470588235294,0.7142857142857143,0.7777777777777778,0.8461538461538461,29
svm_dynamic,EPCTL14,0.7301587301587301,0.7094017094017094,0.615530303030303,0.8571428571428571,0.3333333333333333,1.0,29
logistic_static,EPCTL15,0.8709315375982043,0.8530456557186117,0.8045862412761715,0.9259259259259259,0.9090909090909091,0.7777777777777778,56
logistic_dynamic,EPCTL15,0.8647586980920314,0.8474711270410196,0.8037055583375062,0.9629629629629629,0.9090909090909091,0.7222222222222222,56
random_forest_dynamic,EPCTL15,0.7188552188552189,0.7246249756477693,0.6519937856033144,1.0,0.5454545454545454,0.6111111111111112,56
svm_dynamic,EPCTL15,0.8535353535353535,0.861244019138756,0.8263565891472868,1.0,0.7272727272727273,0.8333333333333334,56
logistic_static,EPCTL16,0.7523148148148149,0.7269383135257499,0.6217765042979941,1.0,0.4444444444444444,0.8125,33
logistic_dynamic,EPCTL16,0.8634259259259259,0.8634259259259259,0.8081395348837209,0.875,0.7777777777777778,0.9375,33
random_forest_dynamic,EPCTL16,0.7476851851851851,0.7151751505199782,0.5840336134453781,1.0,0.5555555555555556,0.6875,33
svm_dynamic,EPCTL16,0.6574074074074074,0.6164529914529915,0.5238095238095238,0.875,0.2222222222222222,0.875,33
logistic_static,EPCTL17,0.7869674185463659,0.7861811391223156,0.7488038277511961,0.7894736842105263,0.5714285714285714,1.0,45
logistic_dynamic,EPCTL17,0.8045112781954886,0.8114774114774114,0.782608695652174,0.8421052631578947,0.5714285714285714,1.0,45
random_forest_dynamic,EPCTL17,0.7568922305764412,0.7601953601953602,0.7463768115942029,0.8421052631578947,0.42857142857142855,1.0,45
svm_dynamic,EPCTL17,0.7568922305764412,0.7660022148394242,0.7439024390243902,0.8421052631578947,0.42857142857142855,1.0,45
logistic_static,EPCTL18,0.861111111111111,0.861111111111111,0.797979797979798,0.8888888888888888,0.7777777777777778,0.9166666666666666,30
logistic_dynamic,EPCTL18,0.8888888888888888,0.890806100217865,0.8477157360406091,0.8888888888888888,0.7777777777777778,1.0,30
random_forest_dynamic,EPCTL18,0.8703703703703703,0.865993265993266,0.8,0.8888888888888888,0.8888888888888888,0.8333333333333334,30
svm_dynamic,EPCTL18,0.8888888888888888,0.890806100217865,0.8477157360406091,0.8888888888888888,0.7777777777777778,1.0,30
logistic_static,EPCTL19,0.802579365079365,0.7967709549859651,0.688715953307393,0.9285714285714286,0.6666666666666666,0.8125,48
logistic_dynamic,EPCTL19,0.7447089947089948,0.7353535353535353,0.5968992248062015,0.9285714285714286,0.5555555555555556,0.75,48
random_forest_dynamic,EPCTL19,0.6944444444444443,0.6619047619047619,0.510204081632653,1.0,0.3333333333333333,0.75,48
svm_dynamic,EPCTL19,0.736111111111111,0.6982905982905981,0.5725190839694656,1.0,0.3333333333333333,0.875,48
logistic_static,EPCTL20,0.7555555555555555,0.7574279379157428,0.7127659574468086,0.6666666666666666,0.6,1.0,36
logistic_dynamic,EPCTL20,0.6888888888888888,0.7015873015873016,0.6585365853658536,0.6666666666666666,0.4,1.0,36
random_forest_dynamic,EPCTL20,0.85,0.8327228327228328,0.8137128072445019,0.75,0.8,1.0,36
svm_dynamic,EPCTL20,0.6888888888888888,0.7093884582256674,0.6519337016574587,0.6666666666666666,0.4,1.0,36
logistic_static,EPCTL21,0.9551724137931035,0.9463259598271039,0.9313186813186813,0.9655172413793104,0.9,1.0,50
logistic_dynamic,EPCTL21,0.9551724137931035,0.9463259598271039,0.9313186813186813,0.9655172413793104,0.9,1.0,50
random_forest_dynamic,EPCTL21,0.9333333333333332,0.9428204918256503,0.9294781382228491,1.0,0.8,1.0,50
svm_dynamic,EPCTL21,0.9333333333333332,0.9428204918256503,0.9294781382228491,1.0,0.8,1.0,50
logistic_static,EPCTL22,0.9278752436647174,0.8785403050108932,0.8539898132427843,0.8947368421052632,1.0,0.8888888888888888,43
logistic_dynamic,EPCTL22,0.9278752436647174,0.8785403050108932,0.8539898132427843,0.8947368421052632,1.0,0.8888888888888888,43
random_forest_dynamic,EPCTL22,0.6306042884990254,0.5637309550353028,0.4586939417781275,0.9473684210526315,0.6666666666666666,0.2777777777777778,43
svm_dynamic,EPCTL22,0.7982456140350878,0.8057498057498057,0.8071748878923767,0.8947368421052632,0.5,1.0,43
logistic_static,EPCTL23,0.6894265232974911,0.6302068302068302,0.49800796812748993,0.45161290322580644,0.6666666666666666,0.95,60
logistic_dynamic,EPCTL23,0.706152927120669,0.671363766867643,0.5730431142737547,0.6129032258064516,0.5555555555555556,0.95,60
random_forest_dynamic,EPCTL23,0.5842293906810035,0.5534914361001317,0.4212218649517685,0.41935483870967744,0.3333333333333333,1.0,60
svm_dynamic,EPCTL23,0.7132616487455197,0.6985852311939268,0.6762589928057554,0.8064516129032258,0.3333333333333333,1.0,60
logistic_static,EPCTL24,0.7863802863802863,0.7777777777777778,0.6614321608040201,0.7272727272727273,0.7857142857142857,0.8461538461538461,49
logistic_dynamic,EPCTL24,0.7740592740592739,0.7727743271221531,0.6590765338393422,0.7727272727272727,0.8571428571428571,0.6923076923076923,49
random_forest_dynamic,EPCTL24,0.6926406926406926,0.6407609933925723,0.5605381165919283,0.8636363636363636,0.21428571428571427,1.0,49
svm_dynamic,EPCTL24,0.688977688977689,0.673892260832833,0.5519268451992162,0.8636363636363636,0.35714285714285715,0.8461538461538461,49
logistic_static,EPCTL25,0.6923076923076922,0.6526668068404822,0.5073863636363636,0.5769230769230769,0.5,1.0,51
logistic_dynamic,EPCTL25,0.7799145299145299,0.7281127281127281,0.5735785953177257,0.5,0.9166666666666666,0.9230769230769231,51
random_forest_dynamic,EPCTL25,0.8504273504273505,0.8450836970106747,0.8114602587800369,0.9615384615384616,0.6666666666666666,0.9230769230769231,51
svm_dynamic,EPCTL25,0.7756410256410257,0.7428285642839282,0.6180875576036866,0.6538461538461539,0.75,0.9230769230769231,51
logistic_static,EPCTL26,0.6784722222222221,0.6938271604938272,0.6120384420839655,0.96875,0.3333333333333333,0.7333333333333333,59
logistic_dynamic,EPCTL26,0.7062499999999999,0.7226369979993169,0.6454682023034553,0.96875,0.4166666666666667,0.7333333333333333,59
random_forest_dynamic,EPCTL26,0.725,0.7270621851267013,0.6285714285714286,0.875,0.5,0.8,59
svm_dynamic,EPCTL26,0.7444444444444445,0.7626018640511395,0.7045568352528793,1.0,0.5,0.7333333333333333,59
logistic_static,EPCTL27,0.5,0.2979443143377569,0.18170158187259522,0.5,0.0,1.0,58
logistic_dynamic,EPCTL27,0.5499999999999999,0.3501400560224089,0.25214899713467054,0.65,0.0,1.0,58
random_forest_dynamic,EPCTL27,0.4833333333333334,0.32842712842712846,0.19762845849802368,0.65,0.0,0.8,58
svm_dynamic,EPCTL27,0.5583333333333333,0.35768779342723,0.24183006535947704,0.675,0.0,1.0,58
logistic_static,EPCTL28,0.8021390374331552,0.7691358024691358,0.6449893390191899,0.8181818181818182,1.0,0.5882352941176471,37
logistic_dynamic,EPCTL28,0.8021390374331552,0.7691358024691358,0.6449893390191899,0.8181818181818182,1.0,0.5882352941176471,37
random_forest_dynamic,EPCTL28,0.8082788671023966,0.783835355049748,0.6768558951965066,1.0,0.7777777777777778,0.6470588235294118,37
svm_dynamic,EPCTL28,0.8520499108734403,0.8193650793650793,0.7209051724137931,0.9090909090909091,1.0,0.6470588235294118,37
logistic_static,EPCTL29,0.5686274509803922,0.5212224108658744,0.47633434038267886,0.7058823529411765,0.0,1.0,40
logistic_dynamic,EPCTL29,0.5490196078431372,0.5076023391812865,0.4411177644710579,0.6470588235294118,0.0,1.0,40
random_forest_dynamic,EPCTL29,0.6323529411764706,0.6190476190476191,0.530791788856305,0.6470588235294118,0.25,1.0,40
svm_dynamic,EPCTL29,0.5882352941176471,0.5272435897435898,0.5087001023541453,0.7647058823529411,0.0,1.0,40
