feature,feature_label,contrast,mean_log_power_difference,cohen_dz,cohen_dz_ci95_low,cohen_dz_ci95_high,paired_t_p_value,n_subjects,paired_t_p_value_fdr
frontal_beta_log,Frontal beta,N1_minus_W,-0.1467788474483551,-1.2851955548548473,-1.8281053000568068,-0.9451524236956507,2.644590380338212e-07,28,5.289180760676424e-07
frontal_beta_log,Frontal beta,N2_minus_N1,0.051188570632947475,0.3890782445636516,0.034063131260560764,0.7861189590973424,0.049279153897507436,28,0.054754615441674925
posterior_alpha_log,Posterior alpha,N1_minus_W,-0.38987744682675635,-1.109637778987486,-1.7226074170914216,-0.7153941385712668,2.9690560564182423e-06,28,4.9484267606970704e-06
posterior_alpha_log,Posterior alpha,N2_minus_N1,0.1892500030394014,1.080413793371301,0.6610734976574542,1.6901714590454493,4.4736408661904575e-06,28,6.390915523129226e-06
central_theta_log,Central theta,N1_minus_W,0.2871439519968927,1.741159851794201,1.4196531595606126,2.3304075971182976,7.989240345476874e-10,28,1.9973100863692183e-09
central_theta_log,Central theta,N2_minus_N1,0.25255283755879476,1.8813407363698744,1.509748949191127,2.5220650159481917,1.5635580190521845e-10,28,7.73251360340393e-10
central_sigma_log,Central sigma,N1_minus_W,0.09577392218207674,0.5449373522892238,0.15714470670108402,1.1072824897557003,0.0076288946415725796,28,0.009536118301965725
central_sigma_log,Central sigma,N2_minus_N1,0.37553235065142226,1.8468706312865601,1.4660143439687443,2.657682232679358,2.319754081021179e-10,28,7.73251360340393e-10
frontocentral_delta_log,Frontocentral delta,N1_minus_W,0.05118248514388516,0.2202613361678644,-0.14374192709986874,0.6876387288098645,0.25400475129412975,28,0.25400475129412975
frontocentral_delta_log,Frontocentral delta,N2_minus_N1,0.3132002926484446,1.9617038203327197,1.5498475725718752,2.680378303329446,6.335814789289217e-11,28,6.335814789289217e-10
