model,subject_id,target_event_detected,first_target_alert_lead_min,first_alert_lead_min,early_false_alert_episodes,false_alerts_per_pretarget_hour
dynamic_eeg,EPCTL01,True,3.65,5.85,1,70.58823529411765
dynamic_eeg,EPCTL02,True,3.9,3.9,0,0.0
dynamic_eeg,EPCTL03,False,,,0,0.0
dynamic_eeg,EPCTL04,True,0.7,79.9,3,2.142857142857143
dynamic_eeg,EPCTL05,True,3.75,5.1,1,4.332129963898917
dynamic_eeg,EPCTL06,True,5.0,6.0,1,60.0
dynamic_eeg,EPCTL07,True,0.85,0.85,0,0.0
dynamic_eeg,EPCTL09,True,3.75,3.75,0,0.0
dynamic_eeg,EPCTL10,True,0.9,6.8,2,8.88888888888889
dynamic_eeg,EPCTL11,True,4.45,4.45,0,0.0
dynamic_eeg,EPCTL12,True,3.55,3.55,0,0.0
dynamic_eeg,EPCTL13,True,1.05,39.35,15,22.842639593908633
dynamic_eeg,EPCTL14,True,3.45,6.3,1,30.0
dynamic_eeg,EPCTL15,True,4.7,4.7,0,0.0
dynamic_eeg,EPCTL16,True,1.95,1.95,0,0.0
dynamic_eeg,EPCTL17,True,3.9,3.9,0,0.0
dynamic_eeg,EPCTL18,True,4.1,4.1,0,0.0
dynamic_eeg,EPCTL19,True,2.45,10.7,4,21.81818181818182
dynamic_eeg,EPCTL20,True,3.95,3.95,0,0.0
dynamic_eeg,EPCTL21,True,4.8,7.2,1,2.7272727272727275
dynamic_eeg,EPCTL22,True,4.2,6.05,1,8.571428571428571
dynamic_eeg,EPCTL23,False,,25.75,10,26.90582959641256
dynamic_eeg,EPCTL24,True,3.35,10.4,3,18.947368421052634
dynamic_eeg,EPCTL25,True,4.7,10.5,2,10.81081081081081
dynamic_eeg,EPCTL26,True,1.25,1.25,0,0.0
dynamic_eeg,EPCTL27,True,1.75,12.0,1,1.8237082066869301
dynamic_eeg,EPCTL28,True,4.3,6.1,1,12.0
dynamic_eeg,EPCTL29,False,,7.35,2,17.142857142857142
dynamic_eeg_plus_time,EPCTL01,True,3.65,5.75,1,70.58823529411765
dynamic_eeg_plus_time,EPCTL02,True,3.9,3.9,0,0.0
dynamic_eeg_plus_time,EPCTL03,False,,,0,0.0
dynamic_eeg_plus_time,EPCTL04,True,0.7,79.85,8,5.714285714285714
dynamic_eeg_plus_time,EPCTL05,True,3.75,5.1,1,4.332129963898917
dynamic_eeg_plus_time,EPCTL06,True,5.0,5.0,0,0.0
dynamic_eeg_plus_time,EPCTL07,True,0.85,0.85,0,0.0
dynamic_eeg_plus_time,EPCTL09,True,3.75,3.75,0,0.0
dynamic_eeg_plus_time,EPCTL10,True,0.9,6.8,2,8.88888888888889
dynamic_eeg_plus_time,EPCTL11,True,4.35,4.35,0,0.0
dynamic_eeg_plus_time,EPCTL12,True,3.6,3.6,0,0.0
dynamic_eeg_plus_time,EPCTL13,True,1.05,39.35,15,22.842639593908633
dynamic_eeg_plus_time,EPCTL14,True,3.45,6.3,1,30.0
dynamic_eeg_plus_time,EPCTL15,True,4.65,4.65,0,0.0
dynamic_eeg_plus_time,EPCTL16,True,1.95,1.95,0,0.0
dynamic_eeg_plus_time,EPCTL17,True,3.9,3.9,0,0.0
dynamic_eeg_plus_time,EPCTL18,True,1.65,1.65,0,0.0
dynamic_eeg_plus_time,EPCTL19,True,2.45,10.65,3,16.363636363636363
dynamic_eeg_plus_time,EPCTL20,True,3.95,3.95,0,0.0
dynamic_eeg_plus_time,EPCTL21,True,4.8,7.2,1,2.7272727272727275
dynamic_eeg_plus_time,EPCTL22,True,4.2,6.0,1,8.571428571428571
dynamic_eeg_plus_time,EPCTL23,False,,27.5,12,32.28699551569507
dynamic_eeg_plus_time,EPCTL24,True,2.25,10.4,3,18.947368421052634
dynamic_eeg_plus_time,EPCTL25,True,2.8,10.5,2,10.81081081081081
dynamic_eeg_plus_time,EPCTL26,True,1.25,39.6,1,1.0610079575596818
dynamic_eeg_plus_time,EPCTL27,True,1.75,12.0,1,1.8237082066869301
dynamic_eeg_plus_time,EPCTL28,False,,6.1,1,12.0
dynamic_eeg_plus_time,EPCTL29,False,,7.35,2,17.142857142857142
random_forest_dynamic,EPCTL01,True,4.55,5.85,2,141.1764705882353
random_forest_dynamic,EPCTL02,True,3.5,6.5,1,5.217391304347826
random_forest_dynamic,EPCTL03,False,,,0,0.0
random_forest_dynamic,EPCTL04,False,,,0,0.0
random_forest_dynamic,EPCTL05,True,3.4,3.4,0,0.0
random_forest_dynamic,EPCTL06,True,2.9,6.0,2,120.0
random_forest_dynamic,EPCTL07,True,0.95,0.95,0,0.0
random_forest_dynamic,EPCTL09,True,3.9,3.9,0,0.0
random_forest_dynamic,EPCTL10,True,1.45,7.7,2,8.88888888888889
random_forest_dynamic,EPCTL11,True,2.2,2.2,0,0.0
random_forest_dynamic,EPCTL12,True,2.05,2.05,0,0.0
random_forest_dynamic,EPCTL13,True,1.0,39.0,21,31.979695431472084
random_forest_dynamic,EPCTL14,True,4.65,4.65,0,0.0
random_forest_dynamic,EPCTL15,True,4.65,9.1,3,5.5813953488372094
random_forest_dynamic,EPCTL16,True,1.55,1.55,0,0.0
random_forest_dynamic,EPCTL17,True,3.85,3.85,0,0.0
random_forest_dynamic,EPCTL18,True,2.05,2.05,0,0.0
random_forest_dynamic,EPCTL19,True,2.4,5.15,1,5.454545454545455
random_forest_dynamic,EPCTL20,True,4.2,4.2,0,0.0
random_forest_dynamic,EPCTL21,True,3.35,3.35,0,0.0
random_forest_dynamic,EPCTL22,False,,,0,0.0
random_forest_dynamic,EPCTL23,True,4.8,15.9,4,10.762331838565023
random_forest_dynamic,EPCTL24,True,1.25,7.85,3,18.947368421052634
random_forest_dynamic,EPCTL25,True,4.95,10.2,4,21.62162162162162
random_forest_dynamic,EPCTL26,True,1.25,1.25,0,0.0
random_forest_dynamic,EPCTL27,False,,,0,0.0
random_forest_dynamic,EPCTL28,True,4.4,4.4,0,0.0
random_forest_dynamic,EPCTL29,True,4.45,5.05,1,8.571428571428571
stage_oracle,EPCTL01,True,5.0,5.0,0,0.0
stage_oracle,EPCTL02,True,4.0,6.0,1,5.217391304347826
stage_oracle,EPCTL03,True,1.0,1.0,0,0.0
stage_oracle,EPCTL04,True,3.0,35.0,2,1.4285714285714286
stage_oracle,EPCTL05,False,,6.0,1,4.332129963898917
stage_oracle,EPCTL06,False,,6.0,1,60.0
stage_oracle,EPCTL07,True,0.5,0.5,0,0.0
stage_oracle,EPCTL09,True,4.0,4.0,0,0.0
stage_oracle,EPCTL10,True,2.5,10.5,3,13.333333333333332
stage_oracle,EPCTL11,True,2.5,2.5,0,0.0
stage_oracle,EPCTL12,True,3.5,3.5,0,0.0
stage_oracle,EPCTL13,False,,7.0,1,1.5228426395939088
stage_oracle,EPCTL14,True,3.5,3.5,0,0.0
stage_oracle,EPCTL15,False,,7.5,2,3.7209302325581395
stage_oracle,EPCTL16,True,2.5,2.5,0,0.0
stage_oracle,EPCTL17,True,3.5,3.5,0,0.0
stage_oracle,EPCTL18,True,4.0,6.0,1,15.0
stage_oracle,EPCTL19,True,3.0,12.0,4,21.81818181818182
stage_oracle,EPCTL20,True,4.0,4.0,0,0.0
stage_oracle,EPCTL21,False,,5.5,1,2.7272727272727275
stage_oracle,EPCTL22,True,4.0,4.0,0,0.0
stage_oracle,EPCTL23,True,4.5,27.5,1,2.690582959641256
stage_oracle,EPCTL24,True,4.5,7.5,1,6.315789473684211
stage_oracle,EPCTL25,True,4.5,8.5,3,16.216216216216218
stage_oracle,EPCTL26,True,3.0,7.0,1,1.0610079575596818
stage_oracle,EPCTL27,True,3.5,11.0,1,1.8237082066869301
stage_oracle,EPCTL28,True,4.5,4.5,0,0.0
stage_oracle,EPCTL29,True,3.5,7.5,1,8.571428571428571
static_eeg,EPCTL01,True,3.65,5.85,1,70.58823529411765
static_eeg,EPCTL02,True,3.9,6.1,1,5.217391304347826
static_eeg,EPCTL03,True,0.85,0.85,0,0.0
static_eeg,EPCTL04,True,0.7,79.9,5,3.5714285714285716
static_eeg,EPCTL05,True,3.45,5.95,2,8.664259927797834
static_eeg,EPCTL06,True,5.0,5.0,0,0.0
static_eeg,EPCTL07,True,0.85,0.85,0,0.0
static_eeg,EPCTL09,True,4.05,4.05,0,0.0
static_eeg,EPCTL10,True,1.45,7.1,2,8.88888888888889
static_eeg,EPCTL11,True,5.0,5.0,0,0.0
static_eeg,EPCTL12,True,3.65,45.8,3,2.7906976744186047
static_eeg,EPCTL13,True,1.05,39.35,20,30.456852791878173
static_eeg,EPCTL14,True,5.0,6.9,2,60.0
static_eeg,EPCTL15,True,4.55,4.55,0,0.0
static_eeg,EPCTL16,True,1.95,1.95,0,0.0
static_eeg,EPCTL17,True,3.9,3.9,0,0.0
static_eeg,EPCTL18,True,4.1,4.1,0,0.0
static_eeg,EPCTL19,True,2.75,11.6,5,27.272727272727273
static_eeg,EPCTL20,True,3.95,3.95,0,0.0
static_eeg,EPCTL21,True,4.8,7.2,2,5.454545454545455
static_eeg,EPCTL22,True,4.2,6.0,1,8.571428571428571
static_eeg,EPCTL23,False,,27.5,11,29.596412556053814
static_eeg,EPCTL24,True,3.2,12.75,4,25.263157894736842
static_eeg,EPCTL25,True,4.6,10.5,3,16.216216216216218
static_eeg,EPCTL26,True,1.25,1.25,0,0.0
static_eeg,EPCTL27,True,2.0,11.85,1,1.8237082066869301
static_eeg,EPCTL28,True,2.6,6.1,1,12.0
static_eeg,EPCTL29,False,,7.35,2,17.142857142857142
svm_dynamic,EPCTL01,True,2.7,5.85,1,70.58823529411765
svm_dynamic,EPCTL02,True,3.9,3.9,0,0.0
svm_dynamic,EPCTL03,False,,,0,0.0
svm_dynamic,EPCTL04,True,0.7,79.9,5,3.5714285714285716
svm_dynamic,EPCTL05,True,3.75,5.95,2,8.664259927797834
svm_dynamic,EPCTL06,True,5.0,6.0,1,60.0
svm_dynamic,EPCTL07,True,0.85,0.85,0,0.0
svm_dynamic,EPCTL09,True,3.75,3.75,0,0.0
svm_dynamic,EPCTL10,True,0.9,6.8,2,8.88888888888889
svm_dynamic,EPCTL11,True,4.45,4.45,0,0.0
svm_dynamic,EPCTL12,True,3.4,3.4,0,0.0
svm_dynamic,EPCTL13,True,1.05,39.35,15,22.842639593908633
svm_dynamic,EPCTL14,True,3.45,6.3,1,30.0
svm_dynamic,EPCTL15,True,4.7,4.7,0,0.0
svm_dynamic,EPCTL16,True,1.95,1.95,0,0.0
svm_dynamic,EPCTL17,True,3.9,3.9,0,0.0
svm_dynamic,EPCTL18,True,4.1,4.1,0,0.0
svm_dynamic,EPCTL19,True,2.75,10.7,4,21.81818181818182
svm_dynamic,EPCTL20,True,3.95,3.95,0,0.0
svm_dynamic,EPCTL21,True,4.8,7.2,1,2.7272727272727275
svm_dynamic,EPCTL22,True,4.2,6.05,1,8.571428571428571
svm_dynamic,EPCTL23,False,,25.75,10,26.90582959641256
svm_dynamic,EPCTL24,True,3.35,10.4,3,18.947368421052634
svm_dynamic,EPCTL25,True,4.7,10.5,2,10.81081081081081
svm_dynamic,EPCTL26,True,1.25,1.25,0,0.0
svm_dynamic,EPCTL27,True,1.75,12.0,1,1.8237082066869301
svm_dynamic,EPCTL28,True,4.3,6.1,1,12.0
svm_dynamic,EPCTL29,False,,7.35,2,17.142857142857142
time_only,EPCTL01,False,,,0,0.0
time_only,EPCTL02,False,,16.5,1,5.217391304347826
time_only,EPCTL03,False,,6.0,1,60.0
time_only,EPCTL04,False,,76.9,1,0.7142857142857143
time_only,EPCTL05,False,,13.4,1,4.332129963898917
time_only,EPCTL06,False,,6.0,1,60.0
time_only,EPCTL07,False,,8.0,1,20.0
time_only,EPCTL09,False,,8.3,1,6.936416184971098
time_only,EPCTL10,True,1.75,1.75,0,0.0
time_only,EPCTL11,False,,,0,0.0
time_only,EPCTL12,False,,61.55,1,0.9302325581395349
time_only,EPCTL13,False,,35.7,1,1.5228426395939088
time_only,EPCTL14,True,4.25,4.25,0,0.0
time_only,EPCTL15,False,,29.6,1,1.8604651162790697
time_only,EPCTL16,False,,7.0,1,37.5
time_only,EPCTL17,False,,,0,0.0
time_only,EPCTL18,False,,,0,0.0
time_only,EPCTL19,False,,6.1,1,5.454545454545455
time_only,EPCTL20,False,,,0,0.0
time_only,EPCTL21,False,,18.65,1,2.7272727272727275
time_only,EPCTL22,True,3.55,3.55,0,0.0
time_only,EPCTL23,False,,,0,0.0
time_only,EPCTL24,True,1.9,1.9,0,0.0
time_only,EPCTL25,False,,,0,0.0
time_only,EPCTL26,False,,54.85,1,1.0610079575596818
time_only,EPCTL27,False,,28.7,1,1.8237082066869301
time_only,EPCTL28,False,,,0,0.0
time_only,EPCTL29,False,,,0,0.0
